{"dc:identifier": "16fc11941966", "url": "doculect.csv-metadata.json", "dc:license": {"schema:name": "http://creativecommons.org/licenses/by/4.0/"}, "dc:publisher": {"schema:name": "Max Planck Institute for Evolutionary Anthropology", "schema:url": {"@id": "http://www.eva.mpg.de"}}, "@context": ["http://www.w3.org/ns/csvw", {"@language": "en"}], "tableSchema": {"primaryKey": "pk", "columns": [{"datatype": {"@id": "http://www.w3.org/2001/XMLSchema#int"}, "name": "pk"}, {"datatype": {"@id": "http://www.w3.org/2001/XMLSchema#int"}, "name": "wordlist_pk"}, {"datatype": {"@id": "http://www.w3.org/2001/XMLSchema#string"}, "name": "code_wals"}, {"datatype": {"@id": "http://www.w3.org/2001/XMLSchema#string"}, "name": "code_iso"}, {"datatype": {"@id": "http://www.w3.org/2001/XMLSchema#string"}, "name": "code_glottolog"}, {"datatype": {"@id": "http://www.w3.org/2001/XMLSchema#string"}, "name": "classification_wals"}, {"datatype": {"@id": "http://www.w3.org/2001/XMLSchema#string"}, "name": "classification_ethnologue"}, {"datatype": {"@id": "http://www.w3.org/2001/XMLSchema#string"}, "name": "classification_glottolog"}, {"datatype": {"@id": "http://www.w3.org/2001/XMLSchema#int"}, "name": "number_of_speakers"}, {"datatype": {"@id": "http://www.w3.org/2001/XMLSchema#boolean"}, "name": "recently_extinct"}, {"datatype": {"@id": "http://www.w3.org/2001/XMLSchema#boolean"}, "name": "long_extinct"}, {"datatype": {"@id": "http://www.w3.org/2001/XMLSchema#int"}, "name": "year_of_extinction"}, {"datatype": {"@id": "http://www.w3.org/2001/XMLSchema#string"}, "name": "txt"}, {"datatype": {"@id": "http://www.w3.org/2001/XMLSchema#string"}, "name": "wals_genus"}, {"datatype": {"@id": "http://www.w3.org/2001/XMLSchema#string"}, "name": "wals_family"}, {"datatype": {"@id": "http://www.w3.org/2001/XMLSchema#string"}, "name": "ethnologue_family"}, {"datatype": {"@id": "http://www.w3.org/2001/XMLSchema#string"}, "name": "glottolog_family"}], "foreignKeys": [{"columnReference": "pk", "reference": {"columnReference": "pk", "resource": "language"}}, {"columnReference": "wordlist_pk", "reference": {"columnReference": "pk", "resource": "contribution"}}]}}