pk,core
1,True
2,True
3,True
4,False
5,False
6,False
7,False
8,False
9,False
10,False
11,True
12,True
13,False
14,False
15,False
16,False
17,False
18,True
19,True
20,False
21,True
22,True
23,True
24,False
25,True
26,False
27,False
28,True
29,False
30,True
31,True
32,False
33,False
34,True
35,False
36,False
37,False
38,False
39,True
40,True
41,True
42,False
43,True
44,True
45,False
46,False
47,True
48,True
49,False
50,False
51,True
52,False
53,True
54,True
55,False
56,False
57,True
58,True
59,False
60,False
61,True
62,False
63,False
64,False
65,False
66,True
67,False
68,False
69,False
70,False
71,False
72,True
73,False
74,True
75,True
76,False
77,True
78,False
79,False
80,False
81,False
82,True
83,False
84,False
85,True
86,True
87,False
88,False
89,False
90,False
91,False
92,True
93,False
94,False
95,True
96,True
97,False
98,False
99,False
100,True
